N,unknowns,time_ms,mem_MB,errL2,errMax
32,1024,     44.1060,  0.757812,  4.382397E-05,  1.061707E-04
64,4096,    498.3650,  6.031250,  1.116017E-05,  2.750351E-05
128,16384,  24430.7440, 48.125000,  2.813983E-06,  6.995221E-06
256,65536,  30811.5760,384.500000,  7.063805E-07,  1.762864E-06
