N,unknowns,time_ms,mem_MB,errL2,errMax
32,1024,5.71276,0.0952148,4.3824e-05,0.000106171
64,4096,82.9006,0.385742,1.11602e-05,2.75035e-05
128,16384,558.442,1.55273,2.81398e-06,6.99522e-06
256,65536,781.417,6.23047,7.06381e-07,1.76286e-06
512,262144,5738.65,24.9609,1.76948e-07,4.42463e-07
