N,unknowns,time_ms,mem_MB,errL2,errMax
16,256,      2.4690,  2.625000,  1.680742E-04,  3.945502E-04
32,1024,      2.6350,  3.000000,  4.382397E-05,  1.061707E-04
64,4096,      9.1500,  4.750000,  1.116017E-05,  2.750351E-05
128,16384,    106.0220, 13.714844,  2.813983E-06,  6.995222E-06
256,65536,    484.4460, 51.566406,  7.063777E-07,  1.762859E-06
512,262144,   2151.5550,212.878906,  1.769485E-07,  4.424652E-07
1024,1048576,  10847.0100,885.566406,  4.430891E-08,  1.108836E-07
