N,unknowns,time_ms,mem_MB,errL2,errMax
32,1024,46.3831,0.095215,4.38239727e-05,1.06170677e-04
64,4096,149.0033,0.385742,1.11601670e-05,2.75035074e-05
128,16384,597.5588,1.552734,2.81398256e-06,6.99522088e-06
256,65536,3553.9634,6.230469,7.06380680e-07,1.76286406e-06
512,262144,18557.9516,24.960938,1.76950498e-07,4.42468312e-07
