N,unknowns,time_ms,mem_MB,errL2,errMax
32,1024,100.1726,0.574337,4.38239727e-05,1.06170677e-04
64,4096,339.6970,2.363788,1.11601670e-05,2.75035074e-05
128,16384,1486.2366,9.552890,2.81398256e-06,6.99522088e-06
256,65536,8621.0785,38.367215,7.06380680e-07,1.76286406e-06
512,262144,38415.6874,153.738686,1.76950498e-07,4.42468312e-07
