N,unknowns,time_ms,mem_MB,errL2,errMax
32,1024,      7.1980,  1.000000,  4.382397E-05,  1.061707E-04
64,4096,    144.3680,  3.000000,  1.116017E-05,  2.750351E-05
128,16384,    565.4060, 10.000000,  2.813983E-06,  6.995222E-06
256,65536,   4408.5550, 46.000000,  7.063770E-07,  1.762858E-06
512,262144,  12963.3270,197.000000,  1.769458E-07,  4.424606E-07
