N,unknowns,time_ms,mem_MB,errL2,errMax
32,1024,63.344,0.757812,4.382397e-05,0.0001061707
64,4096,498.365,6.03125,1.116017e-05,2.750351e-05
128,16384,1377.583,48.125,2.813983e-06,6.995221e-06
256,65536,19112.015,384.5,7.063805e-07,1.762864e-06
