N,unknowns,time_ms,mem_MB,errL2,errMax
32,1024,29.0865,1.828125,4.38239727e-05,1.06170677e-04
64,4096,141.1205,3.796875,1.11601670e-05,2.75035074e-05
128,16384,888.0965,12.183594,2.81398256e-06,6.99522088e-06
256,65536,2687.6704,47.039062,7.06380680e-07,1.76286406e-06
512,262144,25061.4244,182.046875,1.76950498e-07,4.42468312e-07
