N,unknowns,time_ms,mem_MB,errL2,errMax
32,1024,28.852,0.095215,4.38239727e-05,0.000106170677
64,4096,149.0033,0.385742,1.1160167e-05,2.75035074e-05
128,16384,597.5588,1.552734,2.81398256e-06,6.99522088e-06
256,65536,3744.9516,6.230469,7.0638068e-07,1.76286406e-06
512,262144,23067.5946,24.960938,1.76950498e-07,4.42468312e-07
