N,unknowns,time_ms,mem_MB,errL2,errMax
32,1024,      8.9160,  3.375000,  4.382397E-05,  1.061707E-04
64,4096,    168.7010,  6.125000,  1.116017E-05,  2.750351E-05
128,16384,    558.3660, 15.648438,  2.813983E-06,  6.995222E-06
256,65536,   2844.4690, 58.082031,  7.063770E-07,  1.762858E-06
512,262144,  19268.5960,235.113281,  1.769458E-07,  4.424606E-07
